{
  "welcomeFile": "/roombookingsUI/index.html",
  "authenticationMethod": "route",
  "logout": {
    "logoutEndpoint": "/do/logout"
  },
  "routes": [
    {
      "source": "^/DestinationRoombookings/(.*)$",
      "target": "$1",
      "authenticationType": "none",
      "destination": "DestinationRoombookings",
      "csrfProtection": false
    },
    {
      "source": "^/roombookingsOData/(.*)$",
      "target": "$1",
      "authenticationType": "none",
      "destination": "roombookingsOData",
      "csrfProtection": false
    },
    {
      "source": "^/roombookingsUI/(.*)$",
      "target": "$1",
      "localDir": "webapp"
    }
  ]
}