<edmx:Edmx xmlns:edmx="http://docs.oasis-open.org/odata/ns/edmx" Version="4.0">
	<edmx:DataServices>
		<Schema xmlns="http://docs.oasis-open.org/odata/ns/edm" Namespace="CatalogService">
			<EntityContainer Name="EntityContainer">
				<EntitySet Name="DATATESTING" EntityType="CatalogService.DATATESTING"/>
				<EntitySet Name="Roombookings" EntityType="CatalogService.Roombookings"/>
				<EntitySet Name="Uploader" EntityType="CatalogService.Uploader"/>
				<EntitySet Name="UploaderStats" EntityType="CatalogService.UploaderStats"/>
			</EntityContainer>
			<EntityType Name="DATATESTING">
				<Key>
					<PropertyRef Name="TESTC1"/>
				</Key>
				<Property Name="TESTC1" Type="Edm.String" Nullable="false"/>
				<Property Name="TESTC2" Type="Edm.String"/>
				<Property Name="TESTC3" Type="Edm.String"/>
			</EntityType>
			<EntityType Name="Roombookings">
				<Key>
					<PropertyRef Name="ROOM"/>
				</Key>
				<Property Name="ROOM" Type="Edm.String" Nullable="false"/>
				<Property Name="TITLE" Type="Edm.String"/>
				<Property Name="STARTTIME" Type="Edm.String"/>
				<Property Name="ENDTIME" Type="Edm.String"/>
			</EntityType>
			<EntityType Name="Uploader">
				<Key>
					<PropertyRef Name="ID"/>
				</Key>
				<Property Name="ID" Type="Edm.String" Nullable="false"/>
				<Property Name="name" Type="Edm.String"/>
				<Property Name="data" Type="Edm.String"/>
			</EntityType>
			<EntityType Name="UploaderStats">
				<Key>
					<PropertyRef Name="name"/>
				</Key>
				<Property Name="name" Type="Edm.String" Nullable="false"/>
				<Property Name="last" Type="Edm.String"/>
				<Property Name="times" Type="Edm.Int32"/>
			</EntityType>
		</Schema>
	</edmx:DataServices>
</edmx:Edmx>